regDate,서울 총거래물량,서울 총거래금액,서울kg당 평균가격,부산 총거래물량,부산 총거래금액,부산kg당 평균가격,대구 총거래물량,대구 총거래금액,대구kg당 평균가격,대전 총거래물량,대전 총거래금액,대전kg당 평균가격,광주 총거래물량,광주 총거래금액,광주kg당 평균가격
2023-08,40878.0,52174950,1276.35769851754,259857.1,254227800,978.3369398026838,436725.0,432593100,990.5388974755281,574548.0,584066200,1016.5664139462673,101906.0,93609400,918.5857555001668
2023-07,555777.3999999999,698029261,1255.951143389422,1155832.0,1023410400,885.4317928557091,3290949.4,2851011000,866.3186981847853,2496337.0,2534741100,1015.3841809018573,699448.0,657746600,940.3795564502293
2023-06,799180.3,1017171085,1272.767966127293,2043407.0,1634258000,799.771166488125,7065024.3,5618828600,795.3020911761054,4040330.0,3905283800,966.5754529951762,2215334.0,1778952500,803.0177390858444
2023-05,7449548.1,7943634387,1066.3243300623833,1339554.0,1408339100,1051.3492550505616,5643002.0,6280945100,1113.0503054934236,4742823.0,5000998880,1054.4350653608622,2428287.0,2231914500,919.1312641380529
2023-04,8350806.4,9295434408,1113.1181783833474,81980.6,74042580,903.1719699538671,3540027.6000000006,4043867400,1142.3265174542705,3759014.0,4141226230,1101.6788524863168,2386697.0,2371042100,993.4407677220862
2023-03,1774989.4,2309334967,1301.0415538256173,873448.6,1108022810,1268.5609777152313,2741209.599999999,3416548800,1246.3654001503573,2369876.0,3054423910,1288.8538936214384,1095213.5,1262576780,1152.8133829614044
2023-02,582112.8,948151679,1628.8109091571255,796796.5,1044297400,1310.6199638176122,2058188.0,2606771900,1266.537313403829,2072374.0,2826128800,1363.7156227592125,421641.0,560721800,1329.8559675173904
2023-01,386120.80000000005,555729363,1439.2629534591244,790780.0,976412800,1234.746452869319,1910237.0,2211694000,1157.81130823034,1902948.0,2352984400,1236.4943235443113,526705.0,641704300,1218.337209633476
2022-12,691443.1,1144166766,1654.7518747385,1019050.0,1311140800,1286.6304891811,2482025.0,3089882200,1244.9037378753235,2212655.0,2752686400,1244.0648903692622,472720.0,624335900,1320.730876628871
2022-11,611673.3999999999,946904745,1548.056111316922,1083313.5,1416027430,1307.1261735407156,2387673.5,3127018400,1309.6507541755605,2866767.0,3676600850,1282.4902930723006,452654.0,597896200,1320.8680360717015
2022-10,653065.8,1027635583,1573.555961742293,1169772.0,1536102500,1313.1640182873243,1863559.4,2392707400,1283.9447993983986,2193818.0,2883024450,1314.1584443194467,434936.4,530707200,1220.1949526413516
2022-09,625875.3,903308171,1443.271800309103,989368.0,1244557260,1257.9315886505324,2547354.7,2941751000,1154.8258277498614,2564586.0,3267469100,1274.0727353264815,282074.0,336987800,1194.6787013336925
2022-08,619744.6,812535552,1311.081293810386,1222928.0,1425984300,1166.0410915442283,3057455.0,3492631800,1142.333018801585,3107494.0,3590670520,1155.4875150201417,480430.0,575703200,1198.308182253398
2022-07,745084.1,924896830,1241.3321261318017,1177002.9,1233083700,1047.6471213452405,3459955.9000000013,3712494300,1072.9889071707528,2472810.0,2783431800,1125.6149077365426,551926.0,553676500,1003.1716208332276
2022-06,902102.6,1013885385,1123.9136047274446,1849438.0,1748019600,945.1625845256775,5908156.5,5294131200,896.0715918747244,4217625.0,4238314228,1004.9054214160814,2089036.5,1712938704,819.9659048561382
2022-05,12833453.6,6805685476,530.3081842287567,347183.8,232206200,668.8278658163198,3277520.5000000033,1876707900,572.5998967817281,3891725.0,2105255799,540.9569789746192,2213964.0,1098517000,496.1765412626402
2022-04,9478396.0,5559533618,586.5479368028092,503553.4,170953710,339.4946990726306,4136933.9000000004,1717492020,415.16061448310785,3579915.0,1577995981,440.7914659984944,2313763.8,1154388700,498.92244835017306
2022-03,1089965.2,721104190,661.5845992147273,1474692.0000000002,456234000,309.37578830020095,6176011.300000001,1543838080,249.9733250164228,4186164.0,1290384588,308.2498889197843,1448787.0,687720400,474.68703128893344
2022-02,681493.0,446578247,655.2939604662117,1166486.0,472535300,405.09298868567646,3764584.2,1300104500,345.35142021793536,2765639.0,1111762660,401.9912432533675,720011.0,322745800,448.25120727322224
2022-01,554212.0,404150622,729.2347008004157,1675200.0,903436700,539.300799904489,4018571.900000001,1845401000,459.2181117874237,3605899.0,1844142200,511.4236976687367,1172827.0,606987600,517.5423144248896
2021-12,479661.39999999997,502864273,1048.3734421823394,624220.0,398787500,638.8572939027907,2435936.4999999995,1380380400,566.6733923482817,2550841.0,1636988367,641.7445724762931,492017.0,324654200,659.8434606934313
2021-11,734016.8,817446105,1113.6613017576708,1176552.0,914646000,777.3953042449463,3864607.899999999,2880747200,745.4177175386928,3896148.0,3072026600,788.4779017634854,550753.0,433900900,787.8321134882606
2021-10,682892.7999999999,743638258,1088.9531387649718,1212757.0,958038500,789.9674048469726,3223972.3000000003,2483517700,770.3284857627343,3172462.0,2644086610,833.4494187794842,597873.0,437501400,731.7631001901742
2021-09,858831.2000000001,930574331,1083.535776296902,1234016.0,996077930,807.1839668205274,2670273.5999999996,2054912300,769.5512175231783,2720970.0,2228189125,818.895145848723,698275.0,525402400,752.4290573198239
2021-08,624538.4,626516843,1003.1678484461484,1345408.0,912562900,678.2796742698126,2897080.2,1829727300,631.576336754502,2964676.0,2159050040,728.2583459372963,438778.0,281346500,641.2046638619074
2021-07,569891.7,470523417,825.636549891848,1288542.0,681556700,528.9363482137176,3736560.0000000005,1831847200,490.24964138137744,3025009.5,1617749800,534.7916428031052,368736.0,193732600,525.3964896294368
2021-06,797383.5,573549057,719.2888453297567,708322.0,338739500,478.22812223819113,3775422.000000001,1739275100,460.6836268899211,4030881.5,2113373000,524.2954921894876,1273404.0,667346880,524.0653241233732
2021-05,12948438.0,7098404462,548.205464010408,768062.0,365311350,475.6274233069726,193373.0,98795200,510.9048315948969,5510565.0,2890502400,524.5383005190938,1963522.0,1001135800,509.8673709792913
2021-04,14523344.0,12452281159,857.3976598640093,279887.79999999993,196434770,701.833984903951,728366.0,520110560,714.0785813725518,4722515.0,3787219700,801.949744998163,2628125.0,1905337660,724.9798468489893
2021-03,1945804.0,2623923710,1348.5036057074608,661167.2000000001,948880750,1435.1600472618725,3044932.5,4622783900,1518.1892866262224,2439082.5,3707964750,1520.2293280362596,1575371.0,1888773100,1198.9385992251985
2021-02,351818.0,623866800,1773.2657226179444,755296.0,1242097200,1644.5171164682456,2257408.700000001,3834908500,1698.810011674004,1737419.0,3041920100,1750.8270025825664,617715.0,963472200,1559.7358004905175
2021-01,521879.0,822796200,1576.6033889081568,929656.0,1336836100,1437.9900737477087,2247511.0999999996,3399847400,1512.7166224006637,2343256.0,3565849500,1521.7498642913963,690580.0,980208400,1419.3987662544528
2020-12,612715.0,724541200,1182.5093232579584,1202874.5,1350003020,1122.3141067501224,2907084.4,3162763700,1087.950422079249,2785443.0,3115211700,1118.3900370605322,845840.0,932240000,1102.1469781518963
2020-11,726494.0,857726100,1180.63755516219,1204207.5,1300287900,1079.7872459688217,2960735.499999999,3191115000,1077.8115775623999,3515196.0,3968459200,1128.9439337095287,532759.0,569894300,1069.7037497254855
2020-10,725315.0,807608520,1113.4590074657217,1190929.0,1151253000,966.6848317573928,2975553.0999999996,3006966500,1010.5571633052022,2938468.0,3081357600,1048.6272438563224,498386.0,524749900,1052.8985565405128
2020-09,701246.0,726125760,1035.4793610230931,1434226.0,1294616900,902.6589254413182,3286783.9000000004,2954752200,898.9797595150687,3411461.5,3134352000,918.7710311255162,616625.0,607546000,985.2763024528684
2020-08,718992.0,694468576,965.891937601531,1244951.4,1006470210,808.4413656629488,3346878.8,2618695900,782.4292591652857,2911063.0,2466167500,847.1707757612941,489549.0,399715600,816.4976335361731
2020-07,793879.0,539105400,679.0775420435608,1379506.2,859871630,623.3184236504338,3718600.2000000007,2184632300,587.4878132906032,2959013.0,1816877600,614.0147407260462,598335.0,361075100,603.4664527396859
2020-06,781199.0,455898080,583.587639001074,2153064.0,1091602000,506.99932747006125,7498033.699999999,3625737800,483.5584828059656,4356519.0,2261576300,519.124626794925,1487141.0,725128050,487.5987213048393
2020-05,12249069.0,8503744300,694.2359700969927,803859.0,467878100,582.0400095041543,996047.6999999997,550908400,553.0943949772688,4766306.0,3248563300,681.5683466399346,1391894.0,893240450,641.7445940567313
2020-04,10802310.0,9554894100,884.5232269764523,356549.0,263060050,737.7949454352697,1166191.4,916842350,786.1851407924978,4174226.0,3602379110,863.005287686867,1195291.0,932517480,780.1593754156937
2020-03,174813.0,207078050,1184.5689393809384,1199742.8,1052491300,877.2641102743021,2244144.000000001,1920156900,855.6299863110385,2691912.0,2660264800,988.2435978590682,504657.0,402889550,798.3433302223094
2020-02,161702.0,172359880,1065.910625718915,1262447.0,1200651900,951.0513312638075,2582537.8000000003,2550122300,987.4481992093203,2820738.0,2802490210,993.5308454737732,40260.0,31587000,784.575260804769
2020-01,196129.0,166768400,850.2995477466361,1242260.0,996253350,801.968468758553,2276705.7000000007,1806728300,793.5712990923682,2946856.0,2380499400,807.8098828039103,148872.0,115049300,772.8068407759686
